{
  "cont_tfidf": {
    "2": {
      "nr_choices": 1,
      "mean_accuracy": 0.8500000000000001,
      "mean_purity": 0.85
    }
  },
  "cont_d2v": {
    "2": {
      "nr_choices": 1,
      "mean_accuracy": 0.8500000000000001,
      "mean_purity": 0.8500000000000001
    }
  },
  "sem_tfidf": {
    "2": {
      "nr_choices": 1,
      "mean_accuracy": 0.95,
      "mean_purity": 0.95
    }
  },
  "sem_d2v": {
    "2": {
      "nr_choices": 1,
      "mean_accuracy": 0.6499999999999999,
      "mean_purity": 0.6
    }
  }
}