{"cont_tfidf": {"2": {"nr_choices": 3, "mean_accuracy": 0.9666666666666667, "mean_purity": 0.9500000000000001}, "3": {"nr_choices": 1, "mean_accuracy": 0.9333333333333332, "mean_purity": 0.9}, "3": {"nr_choices": 1, "mean_accuracy": 0.9333333333333332, "mean_purity": 0.9}}, "cont_d2v": {"2": {"nr_choices": 3, "mean_accuracy": 0.9666666666666667, "mean_purity": 0.9833333333333334}, "3": {"nr_choices": 1, "mean_accuracy": 0.9, "mean_purity": 0.9333333333333332}}, "sem_tfidf": {"2": {"nr_choices": 3, "mean_accuracy": 0.9499999999999998, "mean_purity": 0.9666666666666667}, "3": {"nr_choices": 1, "mean_accuracy": 0.9666666666666667, "mean_purity": 1.0}}, "sem_d2v": {"2": {"nr_choices": 3, "mean_accuracy": 0.9, "mean_purity": 0.8666666666666667}, "3": {"nr_choices": 1, "mean_accuracy": 0.9333333333333332, "mean_purity": 0.8333333333333334}}}