n_classes;n_choices;conf_tfidf;cont_d2v;sem_tfidf;sem_d2v
3;120;0.913611111;0.872777778;0.94;0.840555556
4;210;0.884285714;0.837380952;0.918214286;0.793690476
5;252;0.85515873;0.796269841;0.891190476;0.757063492
6;210;0.828809524;0.774603175;0.873333333;0.721825397
7;120;0.799285714;0.751309524;0.851666667;0.69452381
8;45;0.788888889;0.741111111;0.836944444;0.6825
9;10;0.782222222;0.723333333;0.832222222;0.665555556
10;1;0.77;0.67;0.83;0.6
