n_classes;n_choices;conf_tfidf;cont_d2v;sem_tfidf;sem_d2v
3;120;0.929166667;0.879722222;0.949444444;0.857222222
4;210;0.925238095;0.861547619;0.947142857;0.805952381
5;252;0.932857143;0.844206349;0.957857143;0.79
6;210;0.923809524;0.832301587;0.956825397;0.762301587
7;120;0.917261905;0.824880952;0.955119048;0.761309524
8;45;0.923333333;0.799166667;0.953611111;0.727222222
9;10;0.917777778;0.806666667;0.944444444;0.711111111
10;1;0.91;0.79;0.94;0.73
