{"cont_tfidf": {"3": {"nr_choices": 120, "mean_accuracy": 0.9291666666666668, "mean_purity": 0.9100000000000001}, "4": {"nr_choices": 210, "mean_accuracy": 0.9252380952380952, "mean_purity": 0.873015873015873}, "5": {"nr_choices": 252, "mean_accuracy": 0.9328571428571429, "mean_purity": 0.8546296296296296}, "6": {"nr_choices": 210, "mean_accuracy": 0.9238095238095239, "mean_purity": 0.8252380952380953}, "7": {"nr_choices": 120, "mean_accuracy": 0.917261904761905, "mean_purity": 0.8105555555555557}, "8": {"nr_choices": 45, "mean_accuracy": 0.9233333333333331, "mean_purity": 0.7918518518518518}, "9": {"nr_choices": 10, "mean_accuracy": 0.9177777777777777, "mean_purity": 0.7333333333333333}, "10": {"nr_choices": 1, "mean_accuracy": 0.9100000000000001, "mean_purity": 0.6333333333333333}}, "cont_d2v": {"3": {"nr_choices": 120, "mean_accuracy": 0.8797222222222224, "mean_purity": 0.8772222222222223}, "4": {"nr_choices": 210, "mean_accuracy": 0.8615476190476191, "mean_purity": 0.802063492063492}, "5": {"nr_choices": 252, "mean_accuracy": 0.8442063492063493, "mean_purity": 0.7416666666666667}, "6": {"nr_choices": 210, "mean_accuracy": 0.8323015873015872, "mean_purity": 0.6876190476190477}, "7": {"nr_choices": 120, "mean_accuracy": 0.8251190476190478, "mean_purity": 0.661111111111111}, "8": {"nr_choices": 45, "mean_accuracy": 0.7991666666666666, "mean_purity": 0.6444444444444446}, "9": {"nr_choices": 10, "mean_accuracy": 0.8066666666666666, "mean_purity": 0.6166666666666667}, "10": {"nr_choices": 1, "mean_accuracy": 0.79, "mean_purity": 0.5666666666666668}}, "sem_tfidf": {"3": {"nr_choices": 120, "mean_accuracy": 0.9494444444444444, "mean_purity": 0.9355555555555556}, "4": {"nr_choices": 210, "mean_accuracy": 0.9471428571428571, "mean_purity": 0.9028571428571429}, "5": {"nr_choices": 252, "mean_accuracy": 0.957857142857143, "mean_purity": 0.8732804232804232}, "6": {"nr_choices": 210, "mean_accuracy": 0.9568253968253968, "mean_purity": 0.851111111111111}, "7": {"nr_choices": 120, "mean_accuracy": 0.9551190476190478, "mean_purity": 0.8477777777777779}, "8": {"nr_choices": 45, "mean_accuracy": 0.9536111111111112, "mean_purity": 0.8600000000000001}, "9": {"nr_choices": 10, "mean_accuracy": 0.9444444444444444, "mean_purity": 0.8433333333333332}, "10": {"nr_choices": 1, "mean_accuracy": 0.9400000000000001, "mean_purity": 0.8666666666666667}}, "sem_d2v": {"3": {"nr_choices": 120, "mean_accuracy": 0.8572222222222223, "mean_purity": 0.8411111111111113}, "4": {"nr_choices": 210, "mean_accuracy": 0.805952380952381, "mean_purity": 0.7907936507936508}, "5": {"nr_choices": 252, "mean_accuracy": 0.79, "mean_purity": 0.743915343915344}, "6": {"nr_choices": 210, "mean_accuracy": 0.7623015873015873, "mean_purity": 0.7177777777777777}, "8": {"nr_choices": 45, "mean_accuracy": 0.7272222222222222, "mean_purity": 0.6674074074074074}, "9": {"nr_choices": 10, "mean_accuracy": 0.7111111111111111, "mean_purity": 0.6866666666666668}, "10": {"nr_choices": 1, "mean_accuracy": 0.73, "mean_purity": 0.7666666666666666}}}